{
  "model_name": "rca_final",
  "services": [
    "checkoutservice",
    "currencyservice",
    "emailservice",
    "frontend",
    "paymentservice",
    "productcatalogservice",
    "recommendationservice"
  ],
  "node_feature_names": [
    "avg_latency_ms",
    "p95_latency_ms",
    "error_rate",
    "request_count",
    "request_share",
    "in_degree",
    "out_degree",
    "role_id",
    "tier_id",
    "criticality_id",
    "is_entrypoint",
    "is_stateful"
  ],
  "seed": 42,
  "normal_means": [
    [
      1.300568699836731,
      2.375234365463257,
      0.0,
      3.1751811504364014,
      0.011205962859094143,
      39.33333206176758,
      47.16666793823242,
      2.0,
      2.0,
      1.0,
      0.0,
      0.0
    ],
    [
      0.136070117354393,
      0.20552973449230194,
      0.0,
      5.705955505371094,
      0.12775303423404694,
      0.0,
      0.0,
      3.0,
      2.0,
      3.0,
      0.0,
      0.0
    ],
    [
      0.3144357204437256,
      0.4309323728084564,
      0.0,
      1.3755378723144531,
      0.0012849232880398631,
      4.5,
      0.0,
      5.0,
      1.0,
      2.0,
      0.0,
      0.0
    ],
    [
      1.0995465517044067,
      2.3863303661346436,
      0.0,
      7.056156635284424,
      0.42344775795936584,
      1538.1666259765625,
      2344.666748046875,
      4.0,
      3.0,
      1.0,
      1.0,
      0.0
    ],
    [
      0.2933066189289093,
      0.3189599812030792,
      0.0,
      1.3275909423828125,
      0.0012159814359620214,
      0.0,
      0.0,
      6.0,
      2.0,
      1.0,
      0.0,
      0.0
    ],
    [
      0.007541220635175705,
      0.012116522528231144,
      0.0,
      6.323963165283203,
      0.22578151524066925,
      809.8333129882812,
      0.0,
      1.0,
      2.0,
      1.0,
      0.0,
      0.0
    ],
    [
      0.7660087943077087,
      0.9548142552375793,
      0.0,
      5.035497188568115,
      0.0670645460486412,
      220.6666717529297,
      220.6666717529297,
      7.0,
      2.0,
      3.0,
      0.0,
      0.0
    ]
  ],
  "normal_stds": [
    [
      0.27101802825927734,
      0.16068536043167114,
      9.99999993922529e-09,
      1.0126135349273682,
      0.004134140908718109,
      41.29433822631836,
      49.343746185302734,
      9.99999993922529e-09,
      9.99999993922529e-09,
      9.99999993922529e-09,
      9.99999993922529e-09,
      9.99999993922529e-09
    ],
    [
      0.01717286743223667,
      0.023166291415691376,
      9.99999993922529e-09,
      0.9136818051338196,
      0.005544101819396019,
      9.99999993922529e-09,
      9.99999993922529e-09,
      9.99999993922529e-09,
      9.99999993922529e-09,
      9.99999993922529e-09,
      9.99999993922529e-09,
      9.99999993922529e-09
    ],
    [
      0.12896591424942017,
      0.26502954959869385,
      9.99999993922529e-09,
      0.7818947434425354,
      0.0004707688349299133,
      4.752192497253418,
      9.99999993922529e-09,
      9.99999993922529e-09,
      9.99999993922529e-09,
      9.99999993922529e-09,
      9.99999993922529e-09,
      9.99999993922529e-09
    ],
    [
      0.11848150938749313,
      0.07670309394598007,
      9.99999993922529e-09,
      0.915499746799469,
      0.0027384080458432436,
      1192.6734619140625,
      1814.4969482421875,
      9.99999993922529e-09,
      9.99999993922529e-09,
      9.99999993922529e-09,
      9.99999993922529e-09,
      9.99999993922529e-09
    ],
    [
      0.12102285772562027,
      0.10861930251121521,
      9.99999993922529e-09,
      0.788557231426239,
      0.0005013789632357657,
      9.99999993922529e-09,
      9.99999993922529e-09,
      9.99999993922529e-09,
      9.99999993922529e-09,
      9.99999993922529e-09,
      9.99999993922529e-09,
      9.99999993922529e-09
    ],
    [
      0.0009674555039964616,
      0.001687556621618569,
      9.99999993922529e-09,
      0.9197282791137695,
      0.007619969546794891,
      625.3250732421875,
      9.99999993922529e-09,
      9.99999993922529e-09,
      9.99999993922529e-09,
      9.99999993922529e-09,
      9.99999993922529e-09,
      9.99999993922529e-09
    ],
    [
      0.01732182689011097,
      0.02819015085697174,
      9.99999993922529e-09,
      0.9020929932594299,
      0.002557380124926567,
      171.311279296875,
      171.311279296875,
      9.99999993922529e-09,
      9.99999993922529e-09,
      9.99999993922529e-09,
      9.99999993922529e-09,
      9.99999993922529e-09
    ]
  ],
  "scaler_mean": [
    [
      0.7372775077819824,
      1.0215156078338623,
      0.013591630384325981,
      5.1271281242370605,
      0.12231043726205826,
      761.9107055664062,
      761.9107055664062,
      4.0,
      2.0,
      1.7142857313156128,
      0.1428571492433548,
      0.0,
      2.015052318572998,
      1.112444519996643,
      1359163.0,
      0.9516928791999817,
      0.5911053419113159,
      1.0943998098373413,
      0.6466907858848572,
      0.0,
      0.0,
      0.0,
      0.0,
      0.0,
      0.18154732882976532,
      0.18154758214950562,
      0.18154780566692352,
      0.9910714030265808
    ]
  ],
  "scaler_std": [
    [
      1.1463390588760376,
      1.2301136255264282,
      0.058024048805236816,
      2.2631561756134033,
      0.1456589698791504,
      1533.2679443359375,
      2160.015380859375,
      2.0,
      0.5345224738121033,
      0.8806310296058655,
      0.3499275743961334,
      9.99999993922529e-09,
      7.881831169128418,
      6.074929237365723,
      5802395.5,
      1.1249054670333862,
      4.654505252838135,
      1.9427571296691895,
      1.6080334186553955,
      9.99999993922529e-09,
      9.99999993922529e-09,
      9.99999993922529e-09,
      9.99999993922529e-09,
      9.99999993922529e-09,
      0.14670711755752563,
      0.22457660734653473,
      0.14712056517601013,
      0.09406811743974686
    ]
  ],
  "numeric_dim": 28,
  "model_input_dim": 35,
  "make_undirected": true
}
